{
  "/home/jesus/.keras/datasets/flowers17/vgg16_features.hdf5": {
    "extractor": "vgg16",
    "LogisticRegression": 0.9191176470588235,
    "SGDClf": 0.9227941176470589,
    "PAClf": 0.9227941176470589,
    "DecisionTreeClf": 0.4632352941176471,
    "ExtraTreeClf": 0.3860294117647059,
    "AdaBoostClf-100": 0.16544117647058823,
    "BaggingClf-100": 0.8161764705882353,
    "RandomForestClf-100": 0.8382352941176471,
    "ExtraTreesClf-100": 0.8602941176470589,
    "GradientBoostingClf-100": 0.6580882352941176,
    "KNeighborsClf-3": 0.5183823529411765,
    "KNeighborsClf-4": 0.5147058823529411,
    "KNeighborsClf-5": 0.5294117647058824,
    "KNeighborsClf-6": 0.5183823529411765,
    "KNeighborsClf-7": 0.5,
    "KNeighborsClf-8": 0.47794117647058826,
    "KNeighborsClf-9": 0.4852941176470588,
    "KNeighborsClf-10": 0.4742647058823529,
    "KNeighborsClf-11": 0.47058823529411764,
    "KNeighborsClf-12": 0.45588235294117646,
    "KNeighborsClf-13": 0.4375,
    "KNeighborsClf-14": 0.4411764705882353,
    "KNeighborsClf-15": 0.44485294117647056,
    "KNeighborsClf-16": 0.45955882352941174,
    "KNeighborsClf-17": 0.4375,
    "KNeighborsClf-18": 0.4264705882352941,
    "KNeighborsClf-19": 0.41544117647058826,
    "KNeighborsClf-20": 0.41544117647058826,
    "KNeighborsClf-21": 0.39338235294117646,
    "KNeighborsClf-22": 0.4007352941176471,
    "KNeighborsClf-23": 0.39338235294117646,
    "KNeighborsClf-24": 0.40441176470588236,
    "LinearSVC-0.001": 0.9301470588235294,
    "RidgeClf-0.001": 0.8860294117647058,
    "LinearSVC-0.01": 0.9301470588235294,
    "RidgeClf-0.01": 0.8860294117647058,
    "LinearSVC-1": 0.9301470588235294,
    "RidgeClf-1": 0.8860294117647058,
    "LinearSVC-10": 0.9301470588235294,
    "RidgeClf-10": 0.8823529411764706
  },
  "/home/jesus/.keras/datasets/flowers17/vgg19_features.hdf5": {
    "extractor": "vgg19",
    "LogisticRegression": 0.9264705882352942,
    "SGDClf": 0.8970588235294118,
    "PAClf": 0.9338235294117647,
    "DecisionTreeClf": 0.4632352941176471,
    "ExtraTreeClf": 0.3639705882352941,
    "AdaBoostClf-100": 0.08823529411764706,
    "BaggingClf-100": 0.7757352941176471,
    "RandomForestClf-100": 0.8272058823529411,
    "ExtraTreesClf-100": 0.8529411764705882,
    "GradientBoostingClf-100": 0.7352941176470589,
    "KNeighborsClf-3": 0.5808823529411765,
    "KNeighborsClf-4": 0.5735294117647058,
    "KNeighborsClf-5": 0.5404411764705882,
    "KNeighborsClf-6": 0.5367647058823529,
    "KNeighborsClf-7": 0.5367647058823529,
    "KNeighborsClf-8": 0.5294117647058824,
    "KNeighborsClf-9": 0.5183823529411765,
    "KNeighborsClf-10": 0.5073529411764706,
    "KNeighborsClf-11": 0.5330882352941176,
    "KNeighborsClf-12": 0.5147058823529411,
    "KNeighborsClf-13": 0.5147058823529411,
    "KNeighborsClf-14": 0.5110294117647058,
    "KNeighborsClf-15": 0.5183823529411765,
    "KNeighborsClf-16": 0.5220588235294118,
    "KNeighborsClf-17": 0.5073529411764706,
    "KNeighborsClf-18": 0.5147058823529411,
    "KNeighborsClf-19": 0.5073529411764706,
    "KNeighborsClf-20": 0.5220588235294118,
    "KNeighborsClf-21": 0.5147058823529411,
    "KNeighborsClf-22": 0.5294117647058824,
    "KNeighborsClf-23": 0.5330882352941176,
    "KNeighborsClf-24": 0.5294117647058824,
    "LinearSVC-0.001": 0.9227941176470589,
    "RidgeClf-0.001": 0.9007352941176471,
    "LinearSVC-0.01": 0.9227941176470589,
    "RidgeClf-0.01": 0.9007352941176471,
    "LinearSVC-1": 0.9191176470588235,
    "RidgeClf-1": 0.9007352941176471,
    "LinearSVC-10": 0.9191176470588235,
    "RidgeClf-10": 0.9007352941176471
  },
  "/home/jesus/.keras/datasets/flowers17/xception_features.hdf5": {
    "extractor": "xception",
    "LogisticRegression": 0.5919117647058824,
    "SGDClf": 0.5477941176470589,
    "PAClf": 0.6066176470588235,
    "DecisionTreeClf": 0.2426470588235294,
    "ExtraTreeClf": 0.20220588235294118,
    "AdaBoostClf-100": 0.09558823529411764,
    "BaggingClf-100": 0.46691176470588236,
    "RandomForestClf-100": 0.4411764705882353,
    "ExtraTreesClf-100": 0.4485294117647059,
    "GradientBoostingClf-100": 0.40441176470588236,
    "KNeighborsClf-3": 0.35294117647058826,
    "KNeighborsClf-4": 0.33455882352941174,
    "KNeighborsClf-5": 0.3235294117647059,
    "KNeighborsClf-6": 0.35294117647058826,
    "KNeighborsClf-7": 0.35661764705882354,
    "KNeighborsClf-8": 0.3602941176470588,
    "KNeighborsClf-9": 0.3492647058823529,
    "KNeighborsClf-10": 0.35661764705882354,
    "KNeighborsClf-11": 0.35294117647058826,
    "KNeighborsClf-12": 0.36764705882352944,
    "KNeighborsClf-13": 0.38235294117647056,
    "KNeighborsClf-14": 0.36764705882352944,
    "KNeighborsClf-15": 0.35661764705882354,
    "KNeighborsClf-16": 0.3602941176470588,
    "KNeighborsClf-17": 0.3602941176470588,
    "KNeighborsClf-18": 0.34191176470588236,
    "KNeighborsClf-19": 0.35661764705882354,
    "KNeighborsClf-20": 0.35294117647058826,
    "KNeighborsClf-21": 0.3602941176470588,
    "KNeighborsClf-22": 0.3639705882352941,
    "KNeighborsClf-23": 0.3639705882352941,
    "KNeighborsClf-24": 0.3713235294117647,
    "LinearSVC-0.001": 0.6102941176470589,
    "RidgeClf-0.001": 0.5772058823529411,
    "LinearSVC-0.01": 0.6102941176470589,
    "RidgeClf-0.01": 0.5772058823529411,
    "LinearSVC-1": 0.6102941176470589,
    "RidgeClf-1": 0.5772058823529411,
    "LinearSVC-10": 0.6102941176470589,
    "RidgeClf-10": 0.5845588235294118
  },
  "/home/jesus/.keras/datasets/flowers17/resnet152v2_features.hdf5": {
    "extractor": "resnet152v2",
    "LogisticRegression": 0.4338235294117647,
    "SGDClf": 0.3161764705882353,
    "PAClf": 0.40808823529411764,
    "DecisionTreeClf": 0.27205882352941174,
    "ExtraTreeClf": 0.21691176470588236,
    "AdaBoostClf-100": 0.13602941176470587,
    "BaggingClf-100": 0.38235294117647056,
    "RandomForestClf-100": 0.3860294117647059,
    "ExtraTreesClf-100": 0.3786764705882353,
    "GradientBoostingClf-100": 0.38235294117647056,
    "KNeighborsClf-3": 0.20588235294117646,
    "KNeighborsClf-4": 0.20588235294117646,
    "KNeighborsClf-5": 0.20588235294117646,
    "KNeighborsClf-6": 0.19117647058823528,
    "KNeighborsClf-7": 0.19117647058823528,
    "KNeighborsClf-8": 0.20220588235294118,
    "KNeighborsClf-9": 0.22426470588235295,
    "KNeighborsClf-10": 0.20955882352941177,
    "KNeighborsClf-11": 0.1801470588235294,
    "KNeighborsClf-12": 0.1801470588235294,
    "KNeighborsClf-13": 0.18382352941176472,
    "KNeighborsClf-14": 0.20588235294117646,
    "KNeighborsClf-15": 0.20220588235294118,
    "KNeighborsClf-16": 0.19852941176470587,
    "KNeighborsClf-17": 0.20955882352941177,
    "KNeighborsClf-18": 0.20220588235294118,
    "KNeighborsClf-19": 0.1875,
    "KNeighborsClf-20": 0.17647058823529413,
    "KNeighborsClf-21": 0.1801470588235294,
    "KNeighborsClf-22": 0.1801470588235294,
    "KNeighborsClf-23": 0.19117647058823528,
    "KNeighborsClf-24": 0.20588235294117646,
    "LinearSVC-0.001": 0.4485294117647059,
    "RidgeClf-0.001": 0.46691176470588236,
    "LinearSVC-0.01": 0.44485294117647056,
    "RidgeClf-0.01": 0.46691176470588236,
    "LinearSVC-1": 0.45588235294117646,
    "RidgeClf-1": 0.45955882352941174,
    "LinearSVC-10": 0.45955882352941174,
    "RidgeClf-10": 0.45588235294117646
  },
  "/home/jesus/.keras/datasets/flowers17/inception_resnet_v2_features.hdf5": {
    "extractor": "inception_resnet_v2",
    "LogisticRegression": 0.21323529411764705,
    "SGDClf": 0.21323529411764705,
    "PAClf": 0.06985294117647059,
    "DecisionTreeClf": 0.17279411764705882,
    "ExtraTreeClf": 0.16544117647058823,
    "AdaBoostClf-100": 0.13970588235294118,
    "BaggingClf-100": 0.23897058823529413,
    "RandomForestClf-100": 0.24632352941176472,
    "ExtraTreesClf-100": 0.23161764705882354,
    "GradientBoostingClf-100": 0.24632352941176472,
    "KNeighborsClf-3": 0.13970588235294118,
    "KNeighborsClf-4": 0.15441176470588236,
    "KNeighborsClf-5": 0.13970588235294118,
    "KNeighborsClf-6": 0.16176470588235295,